taxonID,description,type,language
alien-birds-checklist:taxon:02a68ca9782b6059cba1de5b0982e3be,Eastern Asian Russia,native range,en
alien-birds-checklist:taxon:02b9a1f07eb0261a093c544b7bde82c7,Australia (WGSRPD:50),native range,en
alien-birds-checklist:taxon:032ebf7daaca04554b301519defa9e6e,Africa (WGSRPD:2),native range,en
alien-birds-checklist:taxon:0355544c8efb0e8215798995f9a95eb4,Australia (WGSRPD:50),native range,en
alien-birds-checklist:taxon:06c841aebefcabf51b72de806a635894,Asia,native range,en
alien-birds-checklist:taxon:09fe61d7893e5ee72e490877a076319c,Southern America (WGSRPD:8),native range,en
alien-birds-checklist:taxon:0a8ccd288a70af2118313f3a6a5cd0b7,Madagascar (WGSRPD:MDG),native range,en
alien-birds-checklist:taxon:0f05a45a4d177725103e393705b0f8c8,America,native range,en
alien-birds-checklist:taxon:0fa77bcb7efe2d7f528e7a6fa6dfafaa,Eastern Africa,native range,en
alien-birds-checklist:taxon:0fbec03d52ed1658cc4540bbab7b3c57,Southern America (WGSRPD:8),native range,en
alien-birds-checklist:taxon:0fbf2767f778127ab0293c164156f148,Northern America (WGSRPD:7),native range,en
alien-birds-checklist:taxon:0fbf2767f778127ab0293c164156f148,Central America (WGSRPD:80),native range,en
alien-birds-checklist:taxon:114c7e74dfaca813b5cf703766ba80bb,Australia (WGSRPD:50),native range,en
alien-birds-checklist:taxon:13eee1331f9710bb25a636bf365fe5a4,Northern America (WGSRPD:7),native range,en
alien-birds-checklist:taxon:13eee1331f9710bb25a636bf365fe5a4,Central America (WGSRPD:80),native range,en
alien-birds-checklist:taxon:13eee1331f9710bb25a636bf365fe5a4,Southern America (WGSRPD:8),native range,en
alien-birds-checklist:taxon:14f0ef59e13a77a68895e3e1fbea46fa,Central America (WGSRPD:80),native range,en
alien-birds-checklist:taxon:14f0ef59e13a77a68895e3e1fbea46fa,Southern America (WGSRPD:8),native range,en
alien-birds-checklist:taxon:14f0ef59e13a77a68895e3e1fbea46fa,Caribbean (WGSRPD:81),native range,en
alien-birds-checklist:taxon:14f0ef59e13a77a68895e3e1fbea46fa,Africa (WGSRPD:2),native range,en
alien-birds-checklist:taxon:14f0ef59e13a77a68895e3e1fbea46fa,Indian Subcontinent (WGSRPD:40),native range,en
alien-birds-checklist:taxon:16a0aa16b23173b580eb4c25a1479284,Eastern Asia (WGSRPD:38),native range,en
alien-birds-checklist:taxon:16e238473a69ad7c3dd28493d992bf16,Southern America (WGSRPD:8),native range,en
alien-birds-checklist:taxon:16e238473a69ad7c3dd28493d992bf16,Central America (WGSRPD:80),native range,en
alien-birds-checklist:taxon:181a6b53c8b750dd328f07fd8224bf0e,Africa (WGSRPD:2),native range,en
alien-birds-checklist:taxon:181a6b53c8b750dd328f07fd8224bf0e,Southern Europe,native range,en
alien-birds-checklist:taxon:1b1604cfc1effab2db6ab2386604a7b6,Southern Africa (WGSRPD:27),native range,en
alien-birds-checklist:taxon:1b1604cfc1effab2db6ab2386604a7b6,Eastern Africa,native range,en
alien-birds-checklist:taxon:1b1604cfc1effab2db6ab2386604a7b6,Middle Africa,native range,en
alien-birds-checklist:taxon:1fc5bdaaf03fa61783a5ce655f7cf132,Africa (WGSRPD:2),native range,en
alien-birds-checklist:taxon:1fd26e897bdfd60c5eaec9e855ce1781,Southeastern Asia,native range,en
alien-birds-checklist:taxon:1fd26e897bdfd60c5eaec9e855ce1781,Australia (WGSRPD:50),native range,en
alien-birds-checklist:taxon:21e4e021fa4e01bed8e1e723fdd42f53,Northern America (WGSRPD:7),native range,en
alien-birds-checklist:taxon:21e4e021fa4e01bed8e1e723fdd42f53,Central America (WGSRPD:80),native range,en
alien-birds-checklist:taxon:22f2001e6caa049f99c4cb04843c38e1,Australia (WGSRPD:50),native range,en
alien-birds-checklist:taxon:22f2001e6caa049f99c4cb04843c38e1,New Zealand (WGSRPD:51),native range,en
alien-birds-checklist:taxon:248a9afb0d8dffa1ba966152e74fa538,Africa (WGSRPD:2),native range,en
alien-birds-checklist:taxon:25914e24ce273ec9755886a788a895c6,Northern America (WGSRPD:7),native range,en
alien-birds-checklist:taxon:25914e24ce273ec9755886a788a895c6,Eurasia,native range,en
alien-birds-checklist:taxon:2690e087f458f338f510946759bc3a25,Southeastern Asia,native range,en
alien-birds-checklist:taxon:26a14c3f3e6d068dd85c29cca3d8dd5d,Eastern Asia (WGSRPD:38),native range,en
alien-birds-checklist:taxon:26a14c3f3e6d068dd85c29cca3d8dd5d,Central Asia,native range,en
alien-birds-checklist:taxon:26eea5e58304ef3134e04beb74410ac0,Hawaiian Islands (WGSRPD:HI),native range,en
alien-birds-checklist:taxon:2722ff4699b2ed8661691eab07efd4f7,Indonesia (WGSRPD:ID),native range,en
alien-birds-checklist:taxon:27e3ec934a90d5c9bb7ed292d83b6499,Southern America (WGSRPD:8),native range,en
alien-birds-checklist:taxon:28759ab9c61635d47ef01ab8087dcb56,Southern Asia,native range,en
alien-birds-checklist:taxon:2a99c4464c63c2b5e8c0e261cfa156d6,Southern America (WGSRPD:8),native range,en
alien-birds-checklist:taxon:2c745ffb8a92518eeac38c7c7ef84130,Northern America (WGSRPD:7),native range,en
alien-birds-checklist:taxon:2e94b373d3b23738361d0d7652b2e8c6,Australia (WGSRPD:50),native range,en
alien-birds-checklist:taxon:2ebb7fe5bdb4df9ef01bab57ccde242e,Southern Asia,native range,en
alien-birds-checklist:taxon:2ebb7fe5bdb4df9ef01bab57ccde242e,Southeastern Asia,native range,en
alien-birds-checklist:taxon:2f1cc5dc5bc8aa87b7dbdc1e5a0dc702,Southern America (WGSRPD:8),native range,en
alien-birds-checklist:taxon:2fdab454b5dd4efd55754d57df31f3a4,Africa (WGSRPD:2),native range,en
alien-birds-checklist:taxon:3064511dc675631b54fb2dda3dfc4ce8,Australia (WGSRPD:50),native range,en
alien-birds-checklist:taxon:30b195ac79d43a85c192fa86c926f81a,Northern America (WGSRPD:7),native range,en
alien-birds-checklist:taxon:31742fd9558173e9220f0ec2201aad7b,Africa (WGSRPD:2),native range,en
alien-birds-checklist:taxon:3384bbaae45d47a690b7f1ccb88d34b0,Southern America (WGSRPD:8),native range,en
alien-birds-checklist:taxon:340c6912ddbb81a0ce3bfb810d59aa1d,Southern Asia,native range,en
alien-birds-checklist:taxon:340c6912ddbb81a0ce3bfb810d59aa1d,Eastern Asia (WGSRPD:38),native range,en
alien-birds-checklist:taxon:34fed7744ca533e51edd851dcbc7cff6,Southern Asia,native range,en
alien-birds-checklist:taxon:34fed7744ca533e51edd851dcbc7cff6,Southeastern Asia,native range,en
alien-birds-checklist:taxon:35c0c9930367b4b37e1c8ef7b582fedc,Australia (WGSRPD:50),native range,en
alien-birds-checklist:taxon:36611146cb19000169889b5de238f19c,Southern America (WGSRPD:8),native range,en
alien-birds-checklist:taxon:37af8ffca9c98f27fd4b47df16e7cb0e,Southern Asia,native range,en
alien-birds-checklist:taxon:37af8ffca9c98f27fd4b47df16e7cb0e,Southeastern Asia,native range,en
alien-birds-checklist:taxon:37e2914ab2a3e3efeecbf5a0c62bd5fd,Australia (WGSRPD:50),native range,en
alien-birds-checklist:taxon:37e2914ab2a3e3efeecbf5a0c62bd5fd,Papua New Guinea,native range,en
alien-birds-checklist:taxon:37f677bae6c12d26bc9bd1a8ea759ce9,Southern America (WGSRPD:8),native range,en
alien-birds-checklist:taxon:39ed9f7e345b387c59a78d1dd2668037,Africa (WGSRPD:2),native range,en
alien-birds-checklist:taxon:3bf0851c969d76afc035e72c39da2cd5,Northern America (WGSRPD:7),native range,en
alien-birds-checklist:taxon:3da1f8abb64a7a992163cc992c54ead4,Australia (WGSRPD:50),native range,en
alien-birds-checklist:taxon:3daa3fdb19b37827fb27f5ff05e10fcc,Southern America (WGSRPD:8),native range,en
alien-birds-checklist:taxon:3f5d388b1d6e0bb2e4d1352450e494bf,Western Africa,native range,en
alien-birds-checklist:taxon:3f5d388b1d6e0bb2e4d1352450e494bf,Eastern Africa,native range,en
alien-birds-checklist:taxon:3f5d388b1d6e0bb2e4d1352450e494bf,Middle Africa,native range,en
alien-birds-checklist:taxon:3f5e6ddba11820f2e9c4417d84fc09bb,Africa (WGSRPD:2),native range,en
alien-birds-checklist:taxon:40f05116ddb6798eda1c02fb44793fa7,Southern America (WGSRPD:8),native range,en
alien-birds-checklist:taxon:42c6717959208a4eebb6967b07422dd5,Asia,native range,en
alien-birds-checklist:taxon:43519ae4fcdc169a839e559c5e4e9908,Eastern Asia (WGSRPD:38),native range,en
alien-birds-checklist:taxon:43519ae4fcdc169a839e559c5e4e9908,Southern Asia,native range,en
alien-birds-checklist:taxon:4374700aef8a5baf0b4688421bd0fa65,Southern Asia,native range,en
alien-birds-checklist:taxon:4374700aef8a5baf0b4688421bd0fa65,Eastern Asia (WGSRPD:38),native range,en
alien-birds-checklist:taxon:44647e04d00955f4a3a32b4a375c22dd,Africa (WGSRPD:2),native range,en
alien-birds-checklist:taxon:44647e04d00955f4a3a32b4a375c22dd,Middle East,native range,en
alien-birds-checklist:taxon:477170c2d1dcff317c7e425bf7d4b7d8,Africa (WGSRPD:2),native range,en
alien-birds-checklist:taxon:477170c2d1dcff317c7e425bf7d4b7d8,Southern Asia,native range,en
alien-birds-checklist:taxon:477170c2d1dcff317c7e425bf7d4b7d8,Southern Europe,native range,en
alien-birds-checklist:taxon:477170c2d1dcff317c7e425bf7d4b7d8,Western Asia (WGSRPD:34),native range,en
alien-birds-checklist:taxon:4a259ec57dc8f5138b7d4f22d9f7fbd7,Eastern Asian Russia,native range,en
alien-birds-checklist:taxon:4a9485f6919d491dffb9da492b9bd053,America,native range,en
alien-birds-checklist:taxon:4b1cd6a0f60dfeeca3b2b86a67d14587,Palearctic,native range,en
alien-birds-checklist:taxon:4b878766a36dc2787ef2d79236adcee7,Australia (WGSRPD:50),native range,en
alien-birds-checklist:taxon:4d8682be5667247c5fea795c1595b533,Southern America (WGSRPD:8),native range,en
alien-birds-checklist:taxon:4d8682be5667247c5fea795c1595b533,Central America (WGSRPD:80),native range,en
alien-birds-checklist:taxon:4e46f4f3eeee3b2811b384437db60fd8,Australia (WGSRPD:50),native range,en
alien-birds-checklist:taxon:4f1afac14a9504796868d62a3e3a028d,Asia,native range,en
alien-birds-checklist:taxon:517d479d76289daba42b844edcdbcd8a,Africa (WGSRPD:2),native range,en
alien-birds-checklist:taxon:54220f5a9a41ee8f062d639a8b5992f0,Southeastern Asia,native range,en
alien-birds-checklist:taxon:5456f19d84bd910b7d59cdcd9b241a48,Northern America (WGSRPD:7),native range,en
alien-birds-checklist:taxon:5518b76f1bb28dc447145e388b000732,Europe (WGSRPD:1),native range,en
alien-birds-checklist:taxon:561817ca8a2c1347275e65a374f07018,Africa (WGSRPD:2),native range,en
alien-birds-checklist:taxon:561817ca8a2c1347275e65a374f07018,Eastern Europe (WGSRPD:14),native range,en
alien-birds-checklist:taxon:5744b7d502ea1317043a4f193d5cccaf,Australia (WGSRPD:50),native range,en
alien-birds-checklist:taxon:5744b7d502ea1317043a4f193d5cccaf,Southeastern Asia,native range,en
alien-birds-checklist:taxon:5814a153586bc21cae2b168d9abeaf12,Southeastern Asia,native range,en
alien-birds-checklist:taxon:5814a153586bc21cae2b168d9abeaf12,Southern Asia,native range,en
alien-birds-checklist:taxon:5b005b9a7bb7bf8fb633cb286f620a07,Southern Asia,native range,en
alien-birds-checklist:taxon:5bb0a072a7ee3448d9b3c0c9a9e994d2,Southern America (WGSRPD:8),native range,en
alien-birds-checklist:taxon:5c5c94c7420c04810ccdcbfaf70a0fea,Northern America (WGSRPD:7),native range,en
alien-birds-checklist:taxon:5c8aec7f688ab5cc6642f7cd45c5d7f5,Southeastern Asia,native range,en
alien-birds-checklist:taxon:5c8aec7f688ab5cc6642f7cd45c5d7f5,Southern Asia,native range,en
alien-birds-checklist:taxon:5f8c0aa6688a7fea941312c3fa92291e,Africa (WGSRPD:2),native range,en
alien-birds-checklist:taxon:607335fd767c49ecbdb6225f4914a937,Southern Asia,native range,en
alien-birds-checklist:taxon:60fefe934e12e988136a4c834f22f3fd,Hawaiian Islands (WGSRPD:HI),native range,en
alien-birds-checklist:taxon:635af7bb31cdbd05e263c675ebd44651,Southern Asia,native range,en
alien-birds-checklist:taxon:635af7bb31cdbd05e263c675ebd44651,Southeastern Asia,native range,en
alien-birds-checklist:taxon:641434e11b4b236cc173848d6d6c31ff,Africa (WGSRPD:2),native range,en
alien-birds-checklist:taxon:6592c24d34d26e105420dcbb514147e4,Eastern Asia (WGSRPD:38),native range,en
alien-birds-checklist:taxon:6592c24d34d26e105420dcbb514147e4,Southern Asia,native range,en
alien-birds-checklist:taxon:65c4bffa0aa4f55dec049099412922ba,Southern Asia,native range,en
alien-birds-checklist:taxon:65c4bffa0aa4f55dec049099412922ba,Eastern Asia (WGSRPD:38),native range,en
alien-birds-checklist:taxon:661f807909e59d96fbdf2c44b466eb8e,Northern America (WGSRPD:7),native range,en
alien-birds-checklist:taxon:6887054017a3307005ec268ace02a52f,Southern Asia,native range,en
alien-birds-checklist:taxon:6887054017a3307005ec268ace02a52f,Eastern Asia (WGSRPD:38),native range,en
alien-birds-checklist:taxon:6887054017a3307005ec268ace02a52f,Southeastern Asia,native range,en
alien-birds-checklist:taxon:68b11be715cb4c7d2e49a0af35e21cdc,Tanzania (WGSRPD:TAN),native range,en
alien-birds-checklist:taxon:69d729d4e836622de5ac7cc92ee7f296,Central Asia,native range,en
alien-birds-checklist:taxon:69d729d4e836622de5ac7cc92ee7f296,Southeastern Asia,native range,en
alien-birds-checklist:taxon:69d729d4e836622de5ac7cc92ee7f296,Southern Asia,native range,en
alien-birds-checklist:taxon:6b6cf92b69a4943f08e633cc82e5b08c,Africa (WGSRPD:2),native range,en
alien-birds-checklist:taxon:6c75aa8e4db964e757bac2bec2dd2a75,Australia (WGSRPD:50),native range,en
alien-birds-checklist:taxon:6c75aa8e4db964e757bac2bec2dd2a75,New Zealand (WGSRPD:51),native range,en
alien-birds-checklist:taxon:6d399be4aaeab304947569af89ba6bdc,Southern America (WGSRPD:8),native range,en
alien-birds-checklist:taxon:6d399be4aaeab304947569af89ba6bdc,Central America (WGSRPD:80),native range,en
alien-birds-checklist:taxon:6ef305724bf67b37c9fd9ac71f383132,Africa (WGSRPD:2),native range,en
alien-birds-checklist:taxon:6ef305724bf67b37c9fd9ac71f383132,Southern Asia,native range,en
alien-birds-checklist:taxon:7037a771aeb28abccaa18900731daeb0,Africa (WGSRPD:2),native range,en
alien-birds-checklist:taxon:712aef7dcc31a2ccc8e0fdfc03b6918c,Africa (WGSRPD:2),native range,en
alien-birds-checklist:taxon:712aef7dcc31a2ccc8e0fdfc03b6918c,Western Asia (WGSRPD:34),native range,en
alien-birds-checklist:taxon:712aef7dcc31a2ccc8e0fdfc03b6918c,Southern Asia,native range,en
alien-birds-checklist:taxon:712aef7dcc31a2ccc8e0fdfc03b6918c,Southeastern Asia,native range,en
alien-birds-checklist:taxon:735ec6110517c880ed39e5bf6ad92949,Africa (WGSRPD:2),native range,en
alien-birds-checklist:taxon:7391ac5bdfe5602ffc172caa61cf6913,Western Asia (WGSRPD:34),native range,en
alien-birds-checklist:taxon:7391ac5bdfe5602ffc172caa61cf6913,Southern Asia,native range,en
alien-birds-checklist:taxon:745666a4ec75f9ba6a1d38a6571dfb58,Southern America (WGSRPD:8),native range,en
alien-birds-checklist:taxon:74a98e2c51e5af3ed1c161ac16b72272,Northern America (WGSRPD:7),native range,en
alien-birds-checklist:taxon:7533d15a7491c06ee717b815432492cd,Western Africa,native range,en
alien-birds-checklist:taxon:7533d15a7491c06ee717b815432492cd,Middle Africa,native range,en
alien-birds-checklist:taxon:7533d15a7491c06ee717b815432492cd,Eastern Africa,native range,en
alien-birds-checklist:taxon:7533d15a7491c06ee717b815432492cd,Southern Africa (WGSRPD:27),native range,en
alien-birds-checklist:taxon:761ac45b2da0f42f9b5c38cafe5d2ac6,Southern America (WGSRPD:8),native range,en
alien-birds-checklist:taxon:761ac45b2da0f42f9b5c38cafe5d2ac6,Africa (WGSRPD:2),native range,en
alien-birds-checklist:taxon:76bfbc043ffeaee11a265cc0a9db9e4f,Australia (WGSRPD:50),native range,en
alien-birds-checklist:taxon:793c837c634965e3b2a039139c3f4c8d,Northern America (WGSRPD:7),native range,en
alien-birds-checklist:taxon:7b1c8ee2d67a0c7ceee523104a19434a,China (WGSRPD:36),native range,en
alien-birds-checklist:taxon:7e58741f0c7a552e45119324368708ea,Africa (WGSRPD:2),native range,en
alien-birds-checklist:taxon:7eae316eb5d4d98e4e0b28310be9df59,Africa (WGSRPD:2),native range,en
alien-birds-checklist:taxon:80edb737a7f8401dc1016020af8123b0,Eastern Asia (WGSRPD:38),native range,en
alien-birds-checklist:taxon:828990656c9a9df40355488949c6352a,Southern America (WGSRPD:8),native range,en
alien-birds-checklist:taxon:843de81584df41cbc82c7f2364f19986,Southern America (WGSRPD:8),native range,en
alien-birds-checklist:taxon:85a0548950bd90750b90f6d49f07b0f7,Western Asia (WGSRPD:34),native range,en
alien-birds-checklist:taxon:85a0548950bd90750b90f6d49f07b0f7,Central Asia,native range,en
alien-birds-checklist:taxon:85a0548950bd90750b90f6d49f07b0f7,Northern Africa,native range,en
alien-birds-checklist:taxon:85a0548950bd90750b90f6d49f07b0f7,Spain (WGSRPD:SPA),native range,en
alien-birds-checklist:taxon:8643bc40c8a9bd5e7bded6287dd66144,Northern America (WGSRPD:7),native range,en
alien-birds-checklist:taxon:864a11d7e946057065326af33dcf7930,Southern Africa (WGSRPD:27),native range,en
alien-birds-checklist:taxon:8688fb87f5e3f0ee68342cd749340b37,China (WGSRPD:36),native range,en
alien-birds-checklist:taxon:8688fb87f5e3f0ee68342cd749340b37,Myanmar,native range,en
alien-birds-checklist:taxon:8aec80e4c64f45d6cbe579d3ea202646,Australia (WGSRPD:50),native range,en
alien-birds-checklist:taxon:8b2ee5724d8bb8166dc9fe8d698ac81a,Southeastern Asia,native range,en
alien-birds-checklist:taxon:8b2ee5724d8bb8166dc9fe8d698ac81a,Australia (WGSRPD:50),native range,en
alien-birds-checklist:taxon:8be0418d6de8e9adcb78fe924c5f5219,Southern Asia,native range,en
alien-birds-checklist:taxon:8be0418d6de8e9adcb78fe924c5f5219,Western Africa,native range,en
alien-birds-checklist:taxon:8be0418d6de8e9adcb78fe924c5f5219,Eastern Africa,native range,en
alien-birds-checklist:taxon:8be0418d6de8e9adcb78fe924c5f5219,Middle Africa,native range,en
alien-birds-checklist:taxon:8c5e9ef23769bca14ec93df6a327798d,Nearctic,native range,en
alien-birds-checklist:taxon:8c5e9ef23769bca14ec93df6a327798d,Neotropic,native range,en
alien-birds-checklist:taxon:8c84590ccea4843d7396f9508aed25a2,Australia (WGSRPD:50),native range,en
alien-birds-checklist:taxon:8d75480400395815f8c9175785f15808,Southern America (WGSRPD:8),native range,en
alien-birds-checklist:taxon:8fb68655bc22002ae5507a3c1a637421,Russia,native range,en
alien-birds-checklist:taxon:928f0a249bd8d9a29665b0c8dc18eb2b,Africa (WGSRPD:2),native range,en
alien-birds-checklist:taxon:94e156350c69cb35a6110f5eddd8e18c,Africa (WGSRPD:2),native range,en
alien-birds-checklist:taxon:95b7a7c3011d680caa3574dcbb969547,Africa (WGSRPD:2),native range,en
alien-birds-checklist:taxon:97e916e8e72c597ac17b2bf33fb66ef9,Australia (WGSRPD:50),native range,en
alien-birds-checklist:taxon:9b44d39cc68ff9bf9a7d9b739948ced1,Africa (WGSRPD:2),native range,en
alien-birds-checklist:taxon:9ba4fc97cd4fb0b6036b56ed4fbcc0d2,Africa (WGSRPD:2),native range,en
alien-birds-checklist:taxon:9c4e6066ec5a9426ab70c2a6cc4112df,Europe (WGSRPD:1),native range,en
alien-birds-checklist:taxon:9c4e6066ec5a9426ab70c2a6cc4112df,Asia,native range,en
alien-birds-checklist:taxon:9c55a40bb74da39e6b167392b3647eab,Southern Asia,native range,en
alien-birds-checklist:taxon:9c55a40bb74da39e6b167392b3647eab,Southeastern Asia,native range,en
alien-birds-checklist:taxon:9cacc5aa64ef0b3762e91f3f502903d0,Southern America (WGSRPD:8),native range,en
alien-birds-checklist:taxon:9dfcfe6613bdfed70abddde225ba2f33,Southern America (WGSRPD:8),native range,en
alien-birds-checklist:taxon:a01ecc49c28f06cb56f7e33b5ff25023,Africa (WGSRPD:2),native range,en
alien-birds-checklist:taxon:a0529e2d6044217f94405fe814f9c7ba,Australia (WGSRPD:50),native range,en
alien-birds-checklist:taxon:a27388766cce12a5b87ded06eac43a22,Southern America (WGSRPD:8),native range,en
alien-birds-checklist:taxon:a4c650d2576949707dacf9bfdbf45688,Eastern Asia (WGSRPD:38),native range,en
alien-birds-checklist:taxon:a4c650d2576949707dacf9bfdbf45688,Southern Asia,native range,en
alien-birds-checklist:taxon:a53e697da06e2f535f092ca2835dbded,Ethiopia,native range,en
alien-birds-checklist:taxon:a553dde8c3310c6fb2bf49ea4b198a0e,Southeastern Asia,native range,en
alien-birds-checklist:taxon:a62aacded060d325d2831806f3f2ad8f,Africa (WGSRPD:2),native range,en
alien-birds-checklist:taxon:a843dc3474bec2492bc224732c58e7ea,Southern Asia,native range,en
alien-birds-checklist:taxon:a927dee3fcfd6ae08fd124ba6aae35a5,Southern America (WGSRPD:8),native range,en
alien-birds-checklist:taxon:a927dee3fcfd6ae08fd124ba6aae35a5,Central America (WGSRPD:80),native range,en
alien-birds-checklist:taxon:a997c58737e3da00dd6bf20c6642eb3f,Africa (WGSRPD:2),native range,en
alien-birds-checklist:taxon:a997c58737e3da00dd6bf20c6642eb3f,Asia,native range,en
alien-birds-checklist:taxon:aa4432941482ad468b3cda9f9fd61ef0,Northern America (WGSRPD:7),native range,en
alien-birds-checklist:taxon:ad233f49c152124687b659635a42fa54,Southern America (WGSRPD:8),native range,en
alien-birds-checklist:taxon:ad39530bef62d652d73b8a42ea89ef1d,Africa (WGSRPD:2),native range,en
alien-birds-checklist:taxon:ad39530bef62d652d73b8a42ea89ef1d,Southern Asia,native range,en
alien-birds-checklist:taxon:ad39530bef62d652d73b8a42ea89ef1d,Southeastern Asia,native range,en
alien-birds-checklist:taxon:aef03d094e0fb3c0358c07e42cb75d74,Central America (WGSRPD:80),native range,en
alien-birds-checklist:taxon:aef03d094e0fb3c0358c07e42cb75d74,Southern America (WGSRPD:8),native range,en
alien-birds-checklist:taxon:b0ea3c59d2a48eea6798169e8cb65e87,Africa (WGSRPD:2),native range,en
alien-birds-checklist:taxon:b12d3a91aac14afbbfb586b5c2a99b3d,Western Africa,native range,en
alien-birds-checklist:taxon:b12d3a91aac14afbbfb586b5c2a99b3d,Middle Africa,native range,en
alien-birds-checklist:taxon:b12d3a91aac14afbbfb586b5c2a99b3d,Eastern Africa,native range,en
alien-birds-checklist:taxon:b12d3a91aac14afbbfb586b5c2a99b3d,Southern Africa (WGSRPD:27),native range,en
alien-birds-checklist:taxon:b1f9190502136d6e7d407b35a5a0b140,Africa (WGSRPD:2),native range,en
alien-birds-checklist:taxon:b31fa2d38ea9bf5d7e0fa7edd4acc163,Australia (WGSRPD:50),native range,en
alien-birds-checklist:taxon:b4123ef82c9b850b7f4e866d56e67b25,Eastern Asia (WGSRPD:38),native range,en
alien-birds-checklist:taxon:b7e1a5df50972e805110d07fedef2bae,Southeastern Europe (WGSRPD:13),native range,en
alien-birds-checklist:taxon:b8ffb4f0d01ba4afc768609a7f2f52cb,New Zealand (WGSRPD:51),native range,en
alien-birds-checklist:taxon:b9dc18f39952c5aee8c4e28ad72caa88,Japan (WGSRPD:JAP),native range,en
alien-birds-checklist:taxon:bb988b1d4bbaf3dd5785157f6ad7ab99,Southern America (WGSRPD:8),native range,en
alien-birds-checklist:taxon:bda0173ad429dbb615e6becf8cc5879c,Southeastern Asia,native range,en
alien-birds-checklist:taxon:be199ce20629921ebbcadf3aaff57210,Southern America (WGSRPD:8),native range,en
alien-birds-checklist:taxon:be422a8361f38c10bdb881de824941cd,Africa (WGSRPD:2),native range,en
alien-birds-checklist:taxon:bf0fc4d5cb565d810014900c5b8a3dd3,Southern America (WGSRPD:8),native range,en
alien-birds-checklist:taxon:bfc2926e4728759ca96a3b49c383dab4,Eurasia Africa,native range,en
alien-birds-checklist:taxon:bfdaafd78d716cd583a309722c48d644,Northern America (WGSRPD:7),native range,en
alien-birds-checklist:taxon:bfdaafd78d716cd583a309722c48d644,Central America (WGSRPD:80),native range,en
alien-birds-checklist:taxon:c1a2f79c7006010a9481811aa8c441f4,Southern Africa (WGSRPD:27),native range,en
alien-birds-checklist:taxon:c1a2f79c7006010a9481811aa8c441f4,Eastern Africa,native range,en
alien-birds-checklist:taxon:c1a2f79c7006010a9481811aa8c441f4,Middle Africa,native range,en
alien-birds-checklist:taxon:c5ae9459deb9516a1dc9ca1b7b1651dd,Nearctic,native range,en
alien-birds-checklist:taxon:c5ae9459deb9516a1dc9ca1b7b1651dd,Neotropic,native range,en
alien-birds-checklist:taxon:c6808e6a7a8974c45f14cd9918658bde,Southern America (WGSRPD:8),native range,en
alien-birds-checklist:taxon:c83130b8288bbe6ec997d44f8df2745d,Western Africa,native range,en
alien-birds-checklist:taxon:c83130b8288bbe6ec997d44f8df2745d,Middle Africa,native range,en
alien-birds-checklist:taxon:c83130b8288bbe6ec997d44f8df2745d,Eastern Africa,native range,en
alien-birds-checklist:taxon:c840ad65d7832b512baaf21b5df5801c,Palearctic,native range,en
alien-birds-checklist:taxon:c8553f84cee710f05bb40a6ab0395226,Central Asia,native range,en
alien-birds-checklist:taxon:c8553f84cee710f05bb40a6ab0395226,Southern Asia,native range,en
alien-birds-checklist:taxon:c8553f84cee710f05bb40a6ab0395226,Eastern Asia (WGSRPD:38),native range,en
alien-birds-checklist:taxon:c8f1f0c852f9102a3509d33b0295c791,Southern America (WGSRPD:8),native range,en
alien-birds-checklist:taxon:c98eb2157ab181a93fcc2fa3a3193cf0,Western Africa,native range,en
alien-birds-checklist:taxon:c98eb2157ab181a93fcc2fa3a3193cf0,Middle Africa,native range,en
alien-birds-checklist:taxon:c98eb2157ab181a93fcc2fa3a3193cf0,Eastern Africa,native range,en
alien-birds-checklist:taxon:c98eb2157ab181a93fcc2fa3a3193cf0,Southern Africa (WGSRPD:27),native range,en
alien-birds-checklist:taxon:ca35161064fbf0ae3dcc225007977c92,Southern America (WGSRPD:8),native range,en
alien-birds-checklist:taxon:ca35161064fbf0ae3dcc225007977c92,Panama (WGSRPD:PAN),native range,en
alien-birds-checklist:taxon:ca7f76083763c73c3840ac6ef48ba657,Northern America (WGSRPD:7),native range,en
alien-birds-checklist:taxon:cc067d1e4dd95db3f85d730517b3120e,Russia,native range,en
alien-birds-checklist:taxon:cd6c3707338fb24c14fdf508245ea744,Northern America (WGSRPD:7),native range,en
alien-birds-checklist:taxon:ce0569277aaa63a608f315aaa5456e45,Australia (WGSRPD:50),native range,en
alien-birds-checklist:taxon:cfefaeec27558579c3b2ecf7fadaf01c,Eastern Asia (WGSRPD:38),native range,en
alien-birds-checklist:taxon:cfefaeec27558579c3b2ecf7fadaf01c,Southeastern Asia,native range,en
alien-birds-checklist:taxon:d0cfa25e0aad16da38bc1d3c0ecb0f2d,Western Africa,native range,en
alien-birds-checklist:taxon:d0cfa25e0aad16da38bc1d3c0ecb0f2d,Eastern Africa,native range,en
alien-birds-checklist:taxon:d0cfa25e0aad16da38bc1d3c0ecb0f2d,Southern Africa (WGSRPD:27),native range,en
alien-birds-checklist:taxon:d0cfa25e0aad16da38bc1d3c0ecb0f2d,Middle Africa,native range,en
alien-birds-checklist:taxon:d152b787a34aa6ceba25d5721008cb13,Eastern Asia (WGSRPD:38),native range,en
alien-birds-checklist:taxon:d152b787a34aa6ceba25d5721008cb13,Southern Asia,native range,en
alien-birds-checklist:taxon:d152b787a34aa6ceba25d5721008cb13,Southeastern Asia,native range,en
alien-birds-checklist:taxon:d23c234c88eafffed871e754201c95fe,Eastern Asia (WGSRPD:38),native range,en
alien-birds-checklist:taxon:d26111913e9a2be20a64962d963d0c50,Southern Asia,native range,en
alien-birds-checklist:taxon:d26111913e9a2be20a64962d963d0c50,Southeastern Asia,native range,en
alien-birds-checklist:taxon:d2f627cc65b4dafc2b7bbb3ec00f486c,Africa (WGSRPD:2),native range,en
alien-birds-checklist:taxon:d541a478c7cdc422ccc1378c210c0b98,Southern America (WGSRPD:8),native range,en
alien-birds-checklist:taxon:d56b2b39ea27c2535d7f7ca1ca9fa99b,Eastern Asia (WGSRPD:38),native range,en
alien-birds-checklist:taxon:d59a41cee251c56ea60e8cd33732b081,Eastern Asia (WGSRPD:38),native range,en
alien-birds-checklist:taxon:d5aa5697db1ecb04dc12d9ca138fc058,Southern Asia,native range,en
alien-birds-checklist:taxon:d5aa5697db1ecb04dc12d9ca138fc058,Eastern Asia (WGSRPD:38),native range,en
alien-birds-checklist:taxon:d5aa5697db1ecb04dc12d9ca138fc058,Southeastern Asia,native range,en
alien-birds-checklist:taxon:d78f450d9c1d21123e4d35a98e04fd85,Africa (WGSRPD:2),native range,en
alien-birds-checklist:taxon:d7a9d481904a9f67b3c87dbbff7f1ad6,Southern Asia,native range,en
alien-birds-checklist:taxon:d7a9d481904a9f67b3c87dbbff7f1ad6,Southeastern Asia,native range,en
alien-birds-checklist:taxon:d7a9d481904a9f67b3c87dbbff7f1ad6,Australia (WGSRPD:50),native range,en
alien-birds-checklist:taxon:dae2438194dddd256ff909e6ebdc02c7,Africa (WGSRPD:2),native range,en
alien-birds-checklist:taxon:dc48121f8daec9d575922d0bc843d2ec,Africa (WGSRPD:2),native range,en
alien-birds-checklist:taxon:dc5511c3ed3d9e976f048c858e6320ef,Australia (WGSRPD:50),native range,en
alien-birds-checklist:taxon:dc98a65d1fcb828165c43ebcfdbe0085,Southwestern Africa,native range,en
alien-birds-checklist:taxon:df114878425c42df65112855342011af,Southern America (WGSRPD:8),native range,en
alien-birds-checklist:taxon:df114878425c42df65112855342011af,Central America (WGSRPD:80),native range,en
alien-birds-checklist:taxon:df642de66eb014dee2b2ecbf99f84f80,Australia (WGSRPD:50),native range,en
alien-birds-checklist:taxon:df642de66eb014dee2b2ecbf99f84f80,New Zealand (WGSRPD:51),native range,en
alien-birds-checklist:taxon:df642de66eb014dee2b2ecbf99f84f80,Southeastern Asia,native range,en
alien-birds-checklist:taxon:df8ddd95efc93770e75b4f69d01d9145,Sub-Saharan Africa,native range,en
alien-birds-checklist:taxon:df8ddd95efc93770e75b4f69d01d9145,Madagascar (WGSRPD:MDG),native range,en
alien-birds-checklist:taxon:dfe94744698ca11ec3075732e547df62,Macaronesia,native range,en
alien-birds-checklist:taxon:e1a1f41b649afceab33ff5d9fe05fc7e,Western Africa,native range,en
alien-birds-checklist:taxon:e1a1f41b649afceab33ff5d9fe05fc7e,Middle Africa,native range,en
alien-birds-checklist:taxon:e1a1f41b649afceab33ff5d9fe05fc7e,Eastern Africa,native range,en
alien-birds-checklist:taxon:e1a1f41b649afceab33ff5d9fe05fc7e,Southern Africa (WGSRPD:27),native range,en
alien-birds-checklist:taxon:e3ec1750108e7a745b92417247239585,Australia (WGSRPD:50),native range,en
alien-birds-checklist:taxon:e3ec1750108e7a745b92417247239585,Southeastern Asia,native range,en
alien-birds-checklist:taxon:e6abd6aa9c3f56317d373c36050a13a1,Caribbean (WGSRPD:81),native range,en
alien-birds-checklist:taxon:e6abd6aa9c3f56317d373c36050a13a1,Southern America (WGSRPD:8),native range,en
alien-birds-checklist:taxon:e6abd6aa9c3f56317d373c36050a13a1,Galapagos (WGSRPD:GAL),native range,en
alien-birds-checklist:taxon:e86c78a767899232449bb65f5e15721c,Southern America (WGSRPD:8),native range,en
alien-birds-checklist:taxon:e8b3e322f6896346bd4a4065f6188fe3,China (WGSRPD:36),native range,en
alien-birds-checklist:taxon:e8d36536450c7858be4760703352f350,China (WGSRPD:36),native range,en
alien-birds-checklist:taxon:e8d36536450c7858be4760703352f350,Indian Subcontinent (WGSRPD:40),native range,en
alien-birds-checklist:taxon:e8eb51fc61ad968b60d2aae579e6c384,Australia (WGSRPD:50),native range,en
alien-birds-checklist:taxon:e8fd9c2132ead52168c161d0443612a6,Africa (WGSRPD:2),native range,en
alien-birds-checklist:taxon:e8fd9c2132ead52168c161d0443612a6,Western Asia (WGSRPD:34),native range,en
alien-birds-checklist:taxon:ede5f690c450d96676f13e879b67151a,Southern Asia,native range,en
alien-birds-checklist:taxon:ede5f690c450d96676f13e879b67151a,Southeastern Asia,native range,en
alien-birds-checklist:taxon:ede5f690c450d96676f13e879b67151a,Australia (WGSRPD:50),native range,en
alien-birds-checklist:taxon:f1b024c67bd52355976819cfffcfb16c,Philippines (WGSRPD:PHI),native range,en
alien-birds-checklist:taxon:f203b8d072eb9a711820f77b73841f5a,Africa (WGSRPD:2),native range,en
alien-birds-checklist:taxon:f22b4565482537a2854cba2362d041d3,Spain (WGSRPD:SPA),native range,en
alien-birds-checklist:taxon:f22b4565482537a2854cba2362d041d3,Portugal (WGSRPD:POR),native range,en
alien-birds-checklist:taxon:f54e981cfaf485d337b910de950ff098,Northern America (WGSRPD:7),native range,en
alien-birds-checklist:taxon:f86749f3847d2bc1f2fe80ac401a2151,Africa (WGSRPD:2),native range,en
alien-birds-checklist:taxon:fd3f9918a63d3cfd4d04ff6e5aefbffc,Northern America (WGSRPD:7),native range,en
alien-birds-checklist:taxon:fd454435a242327413f8b11cee92b907,Asia,native range,en
alien-birds-checklist:taxon:fe5cd5fab0b877e131d38c1dbb0f691e,Western Africa,native range,en
alien-birds-checklist:taxon:fe5cd5fab0b877e131d38c1dbb0f691e,Middle Africa,native range,en
alien-birds-checklist:taxon:fe5cd5fab0b877e131d38c1dbb0f691e,Eastern Africa,native range,en
alien-birds-checklist:taxon:fe5cd5fab0b877e131d38c1dbb0f691e,Southern Africa (WGSRPD:27),native range,en
alien-birds-checklist:taxon:fe7e0db93bd77d8a239ac682413dc2bb,Northern America (WGSRPD:7),native range,en
alien-birds-checklist:taxon:ff904d76d3e296d340dd5bf361800abd,Africa (WGSRPD:2),native range,en
